<!-- <core:FragmentDefinition xmlns:core="sap.ui.core" xmlns="sap.m" xmlns:macros="sap.fe.macros">
	<VBox core:require="{ handler: 'pdfdisplay/ext/fragment/PDF'}">
		<Button text="PDF" press="handler.onPress" />
	</VBox>
</core:FragmentDefinition> -->

<core:FragmentDefinition xmlns:core="sap.ui.core" xmlns="sap.m"   xmlns:macros="sap.fe.macros">
    <VBox id="_IDGenVBox1" core:require="{ handler: 'pdfdisplay/ext/fragment/PDF'}">
        <!-- <Button id="_IDGenButton1" text="Pdf_view" press="handler.onPressPdfView" /> -->
        <PDFViewer id="pdfViewer" source="https://www.antennahouse.com/hubfs/xsl-fo-sample/pdf/basic-link-1.pdf" isTrustedSource="true" displayType="Embedded" visible="true" width="100%" height="600px"/>
    </VBox>
    
</core:FragmentDefinition>

<!-- <core:FragmentDefinition xmlns:core="sap.ui.core" xmlns="sap.m" xmlns:macros="sap.fe.macros" xmlns:l="sap.ui.layout">
    <l:DynamicSideContent
        id="DynamicSideContent"
        class="sapUiDSCExplored sapUiContentPadding">
        <VBox id="_IDGenVBox1" core:require="{ handler: 'pdfdisplay/ext/fragment/PDF'}">
            <Title id="_IDGenTitle1" level="H1" text="Main content" />
            <Text id="_IDGenText1" text="Transaction history of customer will be displayed in the side content." />
            <Button id="_IDGenButton1" text="Display PDF" press="handler.onPress" />
        </VBox>
        <l:sideContent>
            <VBox id="pdfSideContent">
                <Title id="_IDGenTitle2" level="H1" text="Side content" />
                <Text id="_IDGenText2" text="Transaction history." />
                <PDFViewer id="pdfViewer" width="100%" height="400px" visible="false" isTrustedSource="true"/>
            </VBox>
        </l:sideContent>
    </l:DynamicSideContent>
</core:FragmentDefinition> -->

