{
  "view/App.view.xml": 1724921880135,
  "manifest.json": 1725010666051,
  "model/models.js": 1724820378328,
  "controller/MyTaskUI.controller.js": 1724820378336,
  "controller/App.controller.js": 1725010638027,
  "utils/locate-reuse-libs.js": 1724820378328,
  "Component.js": 1724830001463,
  "Component-dbg.js": 1724830001463,
  "Component.js.map": 1725010666173,
  "controller/MyTaskUI-dbg.controller.js": 1724820378336,
  "controller/MyTaskUI.controller.js.map": 1725010666161,
  "controller/App-dbg.controller.js": 1725010638027,
  "controller/App.controller.js.map": 1725010666171,
  "utils/locate-reuse-libs-dbg.js": 1724820378328,
  "utils/locate-reuse-libs.js.map": 1725010666177,
  "model/models-dbg.js": 1724820378328,
  "model/models.js.map": 1725010666163,
  "Component-preload.js": 1725010666250,
  "Component-preload.js.map": 1725010666250,
  "view/MyTaskUI.view.xml": 1724820393388,
  "i18n/i18n.properties": 1724820378328,
  "css/style.css": 1724820378332,
  "index.html": 1724820378328
}